well,BARCODE,ID
NA,AACGCCAA,AA_01
NA,CCAGAACCAA,AA_03
NA,CGGTCCAA,AA_06
NA,AGGTACCAA,AA_07
NA,AGGTAACCAA,AA_08
NA,CTCAGCAA,AA_09
NA,GAAGGTAA,AA_10
NA,TTACCTCAA,AA_11
NA,CTTGCAGCAA,AA_13
NA,ACGAGTCAA,AA_14
NA,AGAACCGCAA,AA_17
NA,GTCGACCA,AA_19
NA,TGAAGCCAA,AA_20
NA,AGACGCAA,AA_21
NA,AACCGCCAA,AA_22
NA,TCGCGACCAA,AA_23
NA,TCTGGCAA,AA_26
NA,GTTGGCCAA,AA_28
NA,GCAGTTCAA,AA_30
NA,AGCCTGGCAA,AA_31
NA,AATTACCA,BB_02
NA,GGTAATGCAA,BB_03
NA,ATAATCCA,BB_07
NA,TGAGAAGAA,BB_08
NA,ATCGGACCAA,BB_09
NA,TAGATCAA,BB_10
NA,CTGATCCAA,BB_12
NA,CATTGACCAA,BB_14
NA,GTTCTCAA,BB_16
NA,TCTCTCCAA,BB_17
NA,GGTCCATCAA,BB_18
NA,CGCCTCCA,BB_20
NA,AGGCCAGAA,BB_22
NA,TCCATATCAA,BB_23
NA,CGAACGCA,BB_24
NA,CATGCAGAA,BB_25
NA,CTGATACCAA,BB_26
NA,AATAAGCAA,BB_27
NA,ACCAAGCCAA,BB_28
NA,CAGCAGAA,BB_29
NA,CGCCAGCAA,CC_01
NA,CGTCAGCCAA,CC_02
NA,TTACGCTCAA,CC_03
NA,ACGCCGCA,CC_04
NA,GCATCAGAA,CC_06
NA,GATGCGCA,CC_07
NA,ATAAGAGAA,CC_08
NA,GACGCAAGAA,CC_09
NA,TGAGAGAA,CC_10
NA,TCGGAGCAA,CC_12
NA,TAGGAGCCAA,CC_14
NA,GTCTCGAA,CC_15
NA,GTATAGCAA,CC_17
NA,GTATAGCCAA,CC_30
NA,GTACGGCA,CC_21
NA,CGCTGAGAA,CC_22
NA,CCGTCAAGAA,CC_25
NA,CTTCATCA,CC_27
NA,TCCATAGAA,CC_28
NA,TCAAGAAGAA,CC_29
NA,GGTAGGAA,DD_02
NA,CCAACGCAA,DD_03
NA,GATACGCCAA,DD_05
NA,CCATGGAA,DD_07
NA,GAGCCGCAA,DD_09
NA,TCTTATCCAA,DD_11
NA,GCATATCA,DD_12
NA,TAGAACGAA,DD_13
NA,CTCCGAAGAA,DD_14
NA,TCCGCTCA,DD_16
NA,ACTGACGAA,DD_17
NA,GGTTGAAGAA,DD_19
NA,GGCCATAA,DD_20
NA,ATCGCGCAA,DD_21
NA,TTAACTCCAA,DD_22
NA,ATGGATAA,DD_25
NA,TACTTGCAA,DD_26
NA,GCCGCTCCAA,DD_27
NA,AGCAGTCA,DD_28
NA,GGCGCCGAA,DD_30
NA,TTGGTAAGAA,EE_03
NA,GAGCTTCA,EE_04
NA,CCGCGCGAA,EE_05
NA,TGGACCAGAA,EE_06
NA,CATACTAA,EE_07
NA,CCTTATCAA,EE_08
NA,TGCGAAGCAA,EE_10
NA,TTACCTAA,EE_11
NA,GGTACTCAA,EE_12
NA,TAACCAGCAA,EE_14
NA,GCGCAAGA,EE_15
NA,TTATTCGAA,EE_16
NA,TCCTCTTGAA,EE_18
NA,GGAATGGAA,EE_19
NA,TCTCGCATAA,EE_21
NA,AGCTAAGA,EE_23
NA,ATTCTGGAA,EE_24
NA,AAGTTGCTAA,EE_26
NA,AATCCAGA,EE_27
NA,AGCAATGAA,EE_28
NA,ATAGTCGTAA,FF_01
NA,CCTAGAGA,FF_02
NA,ACCTCGTCCA,FF_03
NA,CCAGTCTA,FF_04
NA,TAACGGTAA,FF_05
NA,CGAGGAAGCA,FF_06
NA,ATATAGTA,FF_07
NA,AATCCTTAA,FF_09
NA,CTGGATGAA,FF_11
NA,TGCAACTTAA,FF_12
NA,GGAATAGA,FF_15
NA,CAACTTGAA,FF_16
NA,AAGCCAACCA,FF_17
NA,TTCGTAGA,FF_22
NA,AAGAGGTA,FF_24
NA,AGGCGCAGCA,FF_25
NA,TTCAATTA,FF_26
NA,CATCTCAGCA,FF_27
NA,CCGCGTTA,FF_28
NA,GGTTAACCA,FF_29
NA,CTTCAATAA,GG_01
NA,CTTGCCGA,GG_02
NA,AAGGAATAA,GG_04
NA,CGCTCAACCA,GG_05
NA,GACCGCGA,GG_06
NA,TTCTCATAA,GG_07
NA,AATTGGAGCA,GG_08
NA,CCTCCAAC,GG_09
NA,GTCAGACCA,GG_11
NA,CAGGAACGCA,GG_12
NA,TTGCGAAC,GG_14
NA,AGACGACCA,GG_15
NA,ATAAGAACCA,GG_18
NA,ACGTTCGA,GG_19
NA,GATAGATAA,GG_21
NA,CCTCGAACCA,GG_23
NA,TATAAGGA,GG_25
NA,CCAGGATAA,GG_27
NA,AACTCTCGCA,GG_28
NA,CCTATACCA,GG_30
NA,AATGCAGGCA,HH_03
NA,ACCTGAAC,HH_04
NA,CTTGAGCCA,HH_06
NA,TTGGACGGCA,HH_07
NA,GTCCTAACCA,HH_08
NA,CTGATGGA,HH_09
NA,GCGCTATAA,HH_10
NA,CTGCAGACCA,HH_11
NA,TGGACTGA,HH_12
NA,AGATTATAA,HH_14
NA,AATATAAC,HH_15
NA,ACTCCGCCA,HH_16
NA,TTAATTGGCA,HH_17
NA,GCGGTAAC,HH_18
NA,GGAGCGCCA,HH_19
NA,CATAATTGCA,HH_21
NA,CTTATTACCA,HH_20
NA,ACTGAATA,HH_24
NA,GTAACCTAA,HH_23
NA,ACCGTTACCA,HH_25
NA,TAGTAATA,II_02
NA,CAGTCCTAA,II_03
NA,CTTAAGAC,II_04
NA,CGGAGGCCA,II_06
NA,AGAACTTGCA,II_07
NA,GACGAGAC,II_08
NA,ATAATGCCA,II_09
NA,CAATTAATCA,II_10
NA,CAGAGAGCCA,II_12
NA,GTAGCATA,II_14
NA,ACCTAGTAA,II_15
NA,CATTACGCCA,II_16
NA,ATCCGATA,II_17
NA,TGGACGTAA,II_18
NA,AGGACGAC,II_19
NA,GCGTTGCCA,II_20
NA,TTATGCATCA,II_22
NA,TATTGGAC,II_24
NA,TAGACTCCA,II_26
NA,TATTCTATCA,II_27
NA,CTATCGGCCA,JJ_01
NA,GCCTTATA,JJ_02
NA,GCTGCGTAA,JJ_03
NA,TGAGCTGCCA,JJ_04
NA,TGCTGCTA,JJ_06
NA,CTCAGGTAA,JJ_07
NA,CGCTTGAC,JJ_09
NA,GATCGTCCA,JJ_10
NA,GCTTGCCTCA,JJ_12
NA,TAGGCTAC,JJ_13
NA,CTCCTTCCA,JJ_14
NA,AGCATGCTCA,JJ_15
NA,ACGAAGAGA,JJ_17
NA,CTAAGGCCTA,JJ_19
NA,GGTCAGAGA,JJ_20
NA,CCTATAGCTA,JJ_21
NA,AACCGGAG,JJ_24
NA,CAATGGAGA,JJ_26
NA,CCTCGGCTTA,JJ_27
NA,AGAACCGG,JJ_29
NA,CAGAGAGGA,KK_01
NA,TCATTGCTTA,KK_02
NA,AATGGCGG,KK_03
NA,CGTCTAGGA,KK_05
NA,CAAGGATCTA,KK_07
NA,CGATATAG,KK_09
NA,TAAGATAGA,KK_11
NA,CGCCTATCTA,KK_12
NA,ACTCTTAG,KK_14
NA,ACTTCTAGA,KK_16
NA,GGACCTCTTA,KK_17
NA,GTATTCGG,KK_18
NA,TACGGCGGA,KK_20
NA,ACGTCTCTTA,KK_22
NA,CAGCCTGG,KK_23
NA,AGATGCGGA,KK_24
NA,TCCTACTCTA,KK_26
NA,CGGAGACG,KK_27
NA,AGACTTAGA,KK_28
NA,TTGGTCTCTA,KK_30
NA,GTCTGACG,LL_01
NA,AGGATACGA,LL_03
NA,GGAGAAGTTA,LL_04
NA,ATCGCTGG,LL_05
NA,GCTATCGGA,LL_06
NA,CTAACCGTTA,LL_08
NA,TGAGTTGG,LL_09
NA,TTCTTCGTTA,LL_10
NA,AGACCGTCTA,LL_11
NA,ACCATACG,LL_12
NA,TAACTACGA,LL_13
NA,AGCGATAGTA,LL_17
NA,GAAGTACG,LL_18
NA,TATTACCGA,LL_21
NA,TAACCATG,LL_25
NA,AGCCAATGA,LL_26
NA,ACTACGGTTA,LL_27
NA,ACCTACTG,LL_28
NA,TCATAATGA,LL_29
NA,GAACTGGTTA,LL_30
NA,CTACTTAGTA,MM_02
NA,GGTAACCG,MM_03
NA,CGCGTCCGA,MM_04
NA,TAAGCCGGTA,MM_07
NA,CTGGTCCG,MM_05
NA,GACGAGCGA,MM_06
NA,TTCAACTGA,MM_08
NA,TTCAACCAAC,MM_12
NA,GTTACTTG,MM_13
NA,ATGACTTGA,MM_15
NA,AAGGACCAAC,MM_11
NA,AGCGTAAT,MM_16
NA,GTCGCTGGTA,MM_18
NA,ATGAAGCG,MM_21
NA,CGTTCGCGA,MM_23
NA,TGGTCTGGTA,MM_24
NA,AGTTCGCG,MM_25
NA,TCTAGGCGA,MM_27
NA,CGGCGTTGA,MM_28
NA,GGAGGCCAAC,MM_29
NA,CAGTTAAT,NN_01
NA,GAACCAATA,NN_03
NA,GTCTCGCAAC,NN_06
NA,ACTTCCAT,NN_07
NA,CGCATTGGTA,NN_08
NA,CATATGCG,NN_09
NA,ATGCGGCGA,NN_10
NA,TCCGCGATTA,NN_12
NA,GTTGAAGG,NN_30
NA,ATCTATCGA,NN_14
NA,AGCAGAATA,NN_15
NA,CTACGGCAAC,NN_17
NA,GCGCGGAT,NN_19
NA,TGGCTAATA,NN_23
NA,CGTCGTAT,NN_21
NA,CCATTAATA,NN_24
NA,TGCCGACTTA,NN_26
NA,TCCTCAGG,NN_27
NA,CTAAGTCGA,NN_28
NA,GTTGCGCTTA,NN_29
NA,CGTCTAGG,OO_01
NA,GTTGAAGGA,OO_03
NA,AGCCAAGAAC,OO_05
NA,ACGTAACT,OO_09
NA,TTGACCATA,OO_10
NA,TTGGCAGAAC,OO_11
NA,GTTATACT,OO_13
NA,AATGCCATA,OO_16